{
  "mean": [
    -3.493046468808242e-16,
    5.294787511934089e-16,
    -7.794353605459747e-15,
    -1.65601923281825e-17,
    5.387613621782438e-16,
    -7.224824476747862e-17
  ],
  "std": [
    0.9999999999999922,
    1.0000000000000127,
    1.0000000000000007,
    1.0000000000000038,
    0.9999999999999983,
    1.0000000000000029
  ],
  "window_size": 50,
  "n_features": 6,
  "feature_names": [
    "acceleration_x",
    "acceleration_y",
    "acceleration_z",
    "gyro_x",
    "gyro_y",
    "gyro_z"
  ]
}